epoch,time,train/giou_loss,train/cls_loss,train/l1_loss,metrics/precision(B),metrics/recall(B),metrics/mAP50(B),metrics/mAP50-95(B),val/giou_loss,val/cls_loss,val/l1_loss,lr/pg0,lr/pg1,lr/pg2
1,17.122,1.36806,0.78713,0.27918,0.36045,0.32161,0.22198,0.0437,0.93892,0.33952,0.06189,0.000657534,0.000657534,0.000657534
2,34.2543,0.94034,0.44881,0.05239,0.70771,0.62896,0.65964,0.19439,0.64568,0.4602,0.0276,0.00131896,0.00131896,0.00131896
3,51.454,0.83882,0.46027,0.03855,0.62869,0.55013,0.4999,0.11129,0.84288,0.39731,0.08015,0.0019751,0.0019751,0.0019751
