epoch,time,train/box_loss,train/cls_loss,train/dfl_loss,metrics/precision(B),metrics/recall(B),metrics/mAP50(B),metrics/mAP50-95(B),val/box_loss,val/cls_loss,val/dfl_loss,lr/pg0,lr/pg1,lr/pg2
1,5.01922,4.81229,17.9953,0.85918,0,0,0,0,nan,nan,nan,0.00036,0.00036,0.00036
2,10.1771,3.8472,3.53595,0.79915,0,0,0,0,nan,nan,nan,0.000732674,0.000732674,0.000732674
3,15.7905,3.64068,2.13251,0.77705,0,0,0,0,nan,nan,nan,0.00109782,0.00109782,0.00109782
4,21.2821,3.69952,1.69622,0.77366,0,0,0,0,nan,nan,nan,0.00145545,0.00145545,0.00145545
5,28.3663,3.45432,1.55087,0.75964,0,0,0,0,nan,nan,nan,0.00180555,0.00180555,0.00180555
