epoch,time,train/box_loss,train/cls_loss,train/dfl_loss,metrics/precision(B),metrics/recall(B),metrics/mAP50(B),metrics/mAP50-95(B),val/box_loss,val/cls_loss,val/dfl_loss,lr/pg0,lr/pg1,lr/pg2
1,21.0356,2.78155,2.78106,0.97078,0.25757,0.73722,0.23146,0.0692,2.45891,12.8595,0.92865,0.000657895,0.000657895,0.000657895
2,42.0443,2.15673,1.09671,0.87782,0.79427,0.83945,0.77616,0.2643,2.30862,1.24707,0.91321,0.00131145,0.00131145,0.00131145
3,63.1003,2.07556,1.25578,0.87358,0.42267,0.74298,0.37517,0.15469,2.1937,3.8626,0.89774,0.0019518,0.0019518,0.0019518
